Location,Actual_TP,CV_Predicted,CV_Error,CV_Error_Percent
Hundru Falls,1.0,0.9428311671718794,0.057168832828120575,5.7168832828120575
Jonha Falls,0.2043012077237612,0.20510765679306014,0.0008064490692989423,0.39473534115831294
Sita Falls,0.2338103728463549,0.2202180672448068,0.013592305601548088,5.8133886174845095
Tiru Falls,0.8437374763546308,0.8921156418351566,0.04837816548052576,5.733793607170764
Purnapani Falls,0.0,0.19106069640164863,0.19106069640164863,19106.069640164864
